step_id,plan,summary,thought,action,task,feedback,location,description,inventory,score,reward,is_done,error
0,,,,,"You are hungry! Let's cook a delicious meal. Check the cookbook in the kitchen for the recipe. Once done, enjoy your meal!",,Livingroom,"Well, here we are in the livingroom. You start to take note of what's in the room.

You scan the room, seeing a sofa. Looks like someone's already been here and taken everything off it, though.

There is a closed fiberglass door leading east. There is an exit to the north. Don't worry, there is no door. There is an exit to the south.","You are carrying: a red onion, a banana, a raw red potato, a carrot, a red hot pepper and a raw yellow potato.",0 of 17,0.0,False,
1,,,I should go east through the fiberglass door to reach the kitchen and check the cookbook for the recipe.,go east,,You have to open the fiberglass door first.,Livingroom,"Well, here we are in the livingroom. You start to take note of what's in the room.

You scan the room, seeing a sofa. Looks like someone's already been here and taken everything off it, though.

There is a closed fiberglass door leading east. There is an exit to the north. Don't worry, there is no door. There is an exit to the south.","You are carrying: a red onion, a banana, a raw red potato, a carrot, a red hot pepper and a raw yellow potato.",0 of 17,0.0,False,
2,,,I need to open the fiberglass door before going east to the kitchen.,open fiberglass door,,You open fiberglass door.,Livingroom,"Well, here we are in the livingroom. You start to take note of what's in the room.

You scan the room, seeing a sofa. Looks like someone's already been here and taken everything off it, though.

There is an open fiberglass door leading east. There is an exit to the north. Don't worry, there is no door. There is an exit to the south.","You are carrying: a red onion, a banana, a raw red potato, a carrot, a red hot pepper and a raw yellow potato.",0 of 17,0.0,False,
3,,,"Now that the fiberglass door is open, I should go east to the kitchen to find the cookbook.",go east,,"You've entered a driveway.



There is an open fiberglass door leading west. There is an exit to the south.",Driveway,"You've entered a driveway.



There is an open fiberglass door leading west. There is an exit to the south.","You are carrying: a red onion, a banana, a raw red potato, a carrot, a red hot pepper and a raw yellow potato.",0 of 17,0.0,False,
4,,,"I am in the driveway, not the kitchen. I should go south to try to find the kitchen.",go south,,"Well, here we are in the street.



There is a closed commercial glass door leading east. There is an exit to the north. Don't worry, there is no door.",Street,"Well, here we are in the street.



There is a closed commercial glass door leading east. There is an exit to the north. Don't worry, there is no door.","You are carrying: a red onion, a banana, a raw red potato, a carrot, a red hot pepper and a raw yellow potato.",0 of 17,0.0,False,
5,,,I should go north to return to the driveway and then try to find another way to the kitchen.,go north,,"You've entered a driveway.



There is an open fiberglass door leading west. There is an exit to the south.",Driveway,"You've entered a driveway.



There is an open fiberglass door leading west. There is an exit to the south.","You are carrying: a red onion, a banana, a raw red potato, a carrot, a red hot pepper and a raw yellow potato.",0 of 17,0.0,False,
6,,,I should go west through the open fiberglass door to return to the livingroom and try another exit to find the kitchen.,go west,,"Well, here we are in the livingroom. You start to take note of what's in the room.

You scan the room, seeing a sofa. Looks like someone's already been here and taken everything off it, though.

There is an open fiberglass door leading east. There is an exit to the north. Don't worry, there is no door. There is an exit to the south.",Livingroom,"Well, here we are in the livingroom. You start to take note of what's in the room.

You scan the room, seeing a sofa. Looks like someone's already been here and taken everything off it, though.

There is an open fiberglass door leading east. There is an exit to the north. Don't worry, there is no door. There is an exit to the south.","You are carrying: a red onion, a banana, a raw red potato, a carrot, a red hot pepper and a raw yellow potato.",0 of 17,0.0,False,
7,,,I should go north from the livingroom to explore and try to find the kitchen.,go north,,"You are in a kitchen. A standard kind of place.

You can see a fridge. I mean, just wow! Isn't TextWorld just the best? You see an oven. You smell a wretched smell, and follow it to a table. But the thing hasn't got anything on it. You think about smashing the table to bits, throwing the bits into a pit, etc, until you get bored and decide to move on. You can make out a counter. On the counter you make out a red apple, a cookbook and a knife. Wow! Just like in the movies! You can make out a stove. What a coincidence, weren't you just thinking about a stove? But the thing hasn't got anything on it.

There is a closed plain door leading east. You don't like doors? Why not try going south, that entranceway is not blocked by one.",Kitchen,"You are in a kitchen. A standard kind of place.

You can see a fridge. I mean, just wow! Isn't TextWorld just the best? You see an oven. You smell a wretched smell, and follow it to a table. But the thing hasn't got anything on it. You think about smashing the table to bits, throwing the bits into a pit, etc, until you get bored and decide to move on. You can make out a counter. On the counter you make out a red apple, a cookbook and a knife. Wow! Just like in the movies! You can make out a stove. What a coincidence, weren't you just thinking about a stove? But the thing hasn't got anything on it.

There is a closed plain door leading east. You don't like doors? Why not try going south, that entranceway is not blocked by one.","You are carrying: a red onion, a banana, a raw red potato, a carrot, a red hot pepper and a raw yellow potato.",0 of 17,0.0,False,
8,,,I should take the cookbook from the counter to check the recipe for cooking a delicious meal.,take cookbook from counter,,You're carrying too many things already.,Kitchen,"You are in a kitchen. A standard kind of place.

You can see a fridge. I mean, just wow! Isn't TextWorld just the best? You see an oven. You smell a wretched smell, and follow it to a table. But the thing hasn't got anything on it. You think about smashing the table to bits, throwing the bits into a pit, etc, until you get bored and decide to move on. You can make out a counter. On the counter you make out a red apple, a cookbook and a knife. Wow! Just like in the movies! You can make out a stove. What a coincidence, weren't you just thinking about a stove? But the thing hasn't got anything on it.

There is a closed plain door leading east. You don't like doors? Why not try going south, that entranceway is not blocked by one.","You are carrying: a red onion, a banana, a raw red potato, a carrot, a red hot pepper and a raw yellow potato.",0 of 17,0.0,False,
9,,,"I am carrying too many items, so I should drop the banana to free up space for the cookbook.",drop banana,,You drop the banana on the ground.,Kitchen,"You are in a kitchen. A standard kind of place.

You can see a fridge. I mean, just wow! Isn't TextWorld just the best? You see an oven. You smell a wretched smell, and follow it to a table. But the thing hasn't got anything on it. You think about smashing the table to bits, throwing the bits into a pit, etc, until you get bored and decide to move on. You can make out a counter. On the counter you make out a red apple, a cookbook and a knife. Wow! Just like in the movies! You can make out a stove. What a coincidence, weren't you just thinking about a stove? But the thing hasn't got anything on it.

There is a closed plain door leading east. You don't like doors? Why not try going south, that entranceway is not blocked by one.

There is a banana on the floor.","You are carrying: a red onion, a raw red potato, a carrot, a red hot pepper and a raw yellow potato.",0 of 17,0.0,False,
10,,,"Now that I have space, I should take the cookbook from the counter to check the recipe.",take cookbook from counter,,You're carrying too many things already.,Kitchen,"You are in a kitchen. A standard kind of place.

You can see a fridge. I mean, just wow! Isn't TextWorld just the best? You see an oven. You smell a wretched smell, and follow it to a table. But the thing hasn't got anything on it. You think about smashing the table to bits, throwing the bits into a pit, etc, until you get bored and decide to move on. You can make out a counter. On the counter you make out a red apple, a cookbook and a knife. Wow! Just like in the movies! You can make out a stove. What a coincidence, weren't you just thinking about a stove? But the thing hasn't got anything on it.

There is a closed plain door leading east. You don't like doors? Why not try going south, that entranceway is not blocked by one.

There is a banana on the floor.","You are carrying: a red onion, a raw red potato, a carrot, a red hot pepper and a raw yellow potato.",0 of 17,0.0,False,
11,,,"I am still carrying too many items, so I should drop the red hot pepper to free up space for the cookbook.",drop red hot pepper,,You drop the red hot pepper on the ground.,Kitchen,"You are in a kitchen. A standard kind of place.

You can see a fridge. I mean, just wow! Isn't TextWorld just the best? You see an oven. You smell a wretched smell, and follow it to a table. But the thing hasn't got anything on it. You think about smashing the table to bits, throwing the bits into a pit, etc, until you get bored and decide to move on. You can make out a counter. On the counter you make out a red apple, a cookbook and a knife. Wow! Just like in the movies! You can make out a stove. What a coincidence, weren't you just thinking about a stove? But the thing hasn't got anything on it.

There is a closed plain door leading east. You don't like doors? Why not try going south, that entranceway is not blocked by one.

There is a red hot pepper and a banana on the floor.","You are carrying: a red onion, a raw red potato, a carrot and a raw yellow potato.",0 of 17,0.0,False,
12,,,"Now that I have enough space, I should take the cookbook from the counter to check the recipe.",take cookbook from counter,,You take the cookbook from the counter.,Kitchen,"You are in a kitchen. A standard kind of place.

You can see a fridge. I mean, just wow! Isn't TextWorld just the best? You see an oven. You smell a wretched smell, and follow it to a table. But the thing hasn't got anything on it. You think about smashing the table to bits, throwing the bits into a pit, etc, until you get bored and decide to move on. You can make out a counter. On the counter you make out a red apple and a knife. Wow! Just like in the movies! You can make out a stove. What a coincidence, weren't you just thinking about a stove? But the thing hasn't got anything on it.

There is a closed plain door leading east. You don't like doors? Why not try going south, that entranceway is not blocked by one.

There is a red hot pepper and a banana on the floor.","You are carrying: a cookbook, a red onion, a raw red potato, a carrot and a raw yellow potato.",0 of 17,0.0,False,
13,,,I should examine the cookbook to find the recipe for cooking a delicious meal.,examine cookbook,,"You open the copy of ""Cooking: A Modern Approach (3rd Ed.)"" and start reading:

Recipe #1
---------
Gather all following ingredients and follow the directions to prepare this tasty meal.

Ingredients:
white onion
  pork chop
  yellow bell pepper
  orange bell pepper
  purple potato

Directions:
dice the white onion
  roast the white onion
  dice the pork chop
  grill the pork chop
  slice the yellow bell pepper
  grill the yellow bell pepper
  dice the orange bell pepper
  fry the orange bell pepper
  dice the purple potato
  grill the purple potato
  prepare meal",Kitchen,"You are in a kitchen. A standard kind of place.

You can see a fridge. I mean, just wow! Isn't TextWorld just the best? You see an oven. You smell a wretched smell, and follow it to a table. But the thing hasn't got anything on it. You think about smashing the table to bits, throwing the bits into a pit, etc, until you get bored and decide to move on. You can make out a counter. On the counter you make out a red apple and a knife. Wow! Just like in the movies! You can make out a stove. What a coincidence, weren't you just thinking about a stove? But the thing hasn't got anything on it.

There is a closed plain door leading east. You don't like doors? Why not try going south, that entranceway is not blocked by one.

There is a red hot pepper and a banana on the floor.","You are carrying: a cookbook, a red onion, a raw red potato, a carrot and a raw yellow potato.",0 of 17,0.0,False,
14,,,"The recipe requires ingredients I do not have, so I should check the fridge for the needed ingredients.",open fridge,,"You open the fridge, revealing a white onion, a raw pork chop and a block of cheese.",Kitchen,"You are in a kitchen. A standard kind of place.

You can see a fridge. I mean, just wow! Isn't TextWorld just the best? The fridge contains a white onion, a raw pork chop and a block of cheese. You see an oven. You smell a wretched smell, and follow it to a table. But the thing hasn't got anything on it. You think about smashing the table to bits, throwing the bits into a pit, etc, until you get bored and decide to move on. You can make out a counter. On the counter you make out a red apple and a knife. Wow! Just like in the movies! You can make out a stove. What a coincidence, weren't you just thinking about a stove? But the thing hasn't got anything on it.

There is a closed plain door leading east. You don't like doors? Why not try going south, that entranceway is not blocked by one.

There is a red hot pepper and a banana on the floor.","You are carrying: a cookbook, a red onion, a raw red potato, a carrot and a raw yellow potato.",0 of 17,0.0,False,
15,,,I should take the white onion and the raw pork chop from the fridge to use in the recipe.,take white onion from fridge,,You're carrying too many things already.,Kitchen,"You are in a kitchen. A standard kind of place.

You can see a fridge. I mean, just wow! Isn't TextWorld just the best? The fridge contains a white onion, a raw pork chop and a block of cheese. You see an oven. You smell a wretched smell, and follow it to a table. But the thing hasn't got anything on it. You think about smashing the table to bits, throwing the bits into a pit, etc, until you get bored and decide to move on. You can make out a counter. On the counter you make out a red apple and a knife. Wow! Just like in the movies! You can make out a stove. What a coincidence, weren't you just thinking about a stove? But the thing hasn't got anything on it.

There is a closed plain door leading east. You don't like doors? Why not try going south, that entranceway is not blocked by one.

There is a red hot pepper and a banana on the floor.","You are carrying: a cookbook, a red onion, a raw red potato, a carrot and a raw yellow potato.",0 of 17,0.0,False,
16,,,"I am carrying too many items, so I should drop the carrot to free up space for the white onion.",drop carrot,,You drop the carrot on the ground.,Kitchen,"You are in a kitchen. A standard kind of place.

You can see a fridge. I mean, just wow! Isn't TextWorld just the best? The fridge contains a white onion, a raw pork chop and a block of cheese. You see an oven. You smell a wretched smell, and follow it to a table. But the thing hasn't got anything on it. You think about smashing the table to bits, throwing the bits into a pit, etc, until you get bored and decide to move on. You can make out a counter. On the counter you make out a red apple and a knife. Wow! Just like in the movies! You can make out a stove. What a coincidence, weren't you just thinking about a stove? But the thing hasn't got anything on it.

There is a closed plain door leading east. You don't like doors? Why not try going south, that entranceway is not blocked by one.

There is a carrot, a red hot pepper and a banana on the floor.","You are carrying: a cookbook, a red onion, a raw red potato and a raw yellow potato.",0 of 17,0.0,False,
17,,,I should take the white onion from the fridge now that I have space.,take white onion from fridge,,"You take the white onion from the fridge.



Your score has just gone up by one point.",Kitchen,"You are in a kitchen. A standard kind of place.

You can see a fridge. I mean, just wow! Isn't TextWorld just the best? The fridge contains a raw pork chop and a block of cheese. You see an oven. You smell a wretched smell, and follow it to a table. But the thing hasn't got anything on it. You think about smashing the table to bits, throwing the bits into a pit, etc, until you get bored and decide to move on. You can make out a counter. On the counter you make out a red apple and a knife. Wow! Just like in the movies! You can make out a stove. What a coincidence, weren't you just thinking about a stove? But the thing hasn't got anything on it.

There is a closed plain door leading east. You don't like doors? Why not try going south, that entranceway is not blocked by one.

There is a carrot, a red hot pepper and a banana on the floor.","You are carrying: a white onion, a cookbook, a red onion, a raw red potato and a raw yellow potato.",1 of 17,0.058823529411764705,False,
18,,,"I still need to take the raw pork chop from the fridge, but I am carrying too many items, so I should drop the red onion to free up space.",drop red onion,,You drop the red onion on the ground.,Kitchen,"You are in a kitchen. A standard kind of place.

You can see a fridge. I mean, just wow! Isn't TextWorld just the best? The fridge contains a raw pork chop and a block of cheese. You see an oven. You smell a wretched smell, and follow it to a table. But the thing hasn't got anything on it. You think about smashing the table to bits, throwing the bits into a pit, etc, until you get bored and decide to move on. You can make out a counter. On the counter you make out a red apple and a knife. Wow! Just like in the movies! You can make out a stove. What a coincidence, weren't you just thinking about a stove? But the thing hasn't got anything on it.

There is a closed plain door leading east. You don't like doors? Why not try going south, that entranceway is not blocked by one.

There is a red onion, a carrot, a red hot pepper and a banana on the floor.","You are carrying: a white onion, a cookbook, a raw red potato and a raw yellow potato.",1 of 17,0.058823529411764705,False,
19,,,I should take the raw pork chop from the fridge now that I have space.,take raw pork chop from fridge,,"You take the pork chop from the fridge.



Your score has just gone up by one point.",Kitchen,"You are in a kitchen. A standard kind of place.

You can see a fridge. I mean, just wow! Isn't TextWorld just the best? The fridge contains a block of cheese. You see an oven. You smell a wretched smell, and follow it to a table. But the thing hasn't got anything on it. You think about smashing the table to bits, throwing the bits into a pit, etc, until you get bored and decide to move on. You can make out a counter. On the counter you make out a red apple and a knife. Wow! Just like in the movies! You can make out a stove. What a coincidence, weren't you just thinking about a stove? But the thing hasn't got anything on it.

There is a closed plain door leading east. You don't like doors? Why not try going south, that entranceway is not blocked by one.

There is a red onion, a carrot, a red hot pepper and a banana on the floor.","You are carrying: a raw pork chop, a white onion, a cookbook, a raw red potato and a raw yellow potato.",2 of 17,0.11764705882352941,False,
20,,,"I need to find the yellow bell pepper, orange bell pepper, and purple potato for the recipe; I should check the counter and floor for these ingredients.",look at counter,,"The counter is balanced.

On the counter are a red apple and a knife.",Kitchen,"You are in a kitchen. A standard kind of place.

You can see a fridge. I mean, just wow! Isn't TextWorld just the best? The fridge contains a block of cheese. You see an oven. You smell a wretched smell, and follow it to a table. But the thing hasn't got anything on it. You think about smashing the table to bits, throwing the bits into a pit, etc, until you get bored and decide to move on. You can make out a counter. On the counter you make out a red apple and a knife. Wow! Just like in the movies! You can make out a stove. What a coincidence, weren't you just thinking about a stove? But the thing hasn't got anything on it.

There is a closed plain door leading east. You don't like doors? Why not try going south, that entranceway is not blocked by one.

There is a red onion, a carrot, a red hot pepper and a banana on the floor.","You are carrying: a raw pork chop, a white onion, a cookbook, a raw red potato and a raw yellow potato.",2 of 17,0.11764705882352941,False,
21,,,"I should check the floor for the yellow bell pepper, orange bell pepper, and purple potato.",look at floor,,You can't see any such thing.,Kitchen,"You are in a kitchen. A standard kind of place.

You can see a fridge. I mean, just wow! Isn't TextWorld just the best? The fridge contains a block of cheese. You see an oven. You smell a wretched smell, and follow it to a table. But the thing hasn't got anything on it. You think about smashing the table to bits, throwing the bits into a pit, etc, until you get bored and decide to move on. You can make out a counter. On the counter you make out a red apple and a knife. Wow! Just like in the movies! You can make out a stove. What a coincidence, weren't you just thinking about a stove? But the thing hasn't got anything on it.

There is a closed plain door leading east. You don't like doors? Why not try going south, that entranceway is not blocked by one.

There is a red onion, a carrot, a red hot pepper and a banana on the floor.","You are carrying: a raw pork chop, a white onion, a cookbook, a raw red potato and a raw yellow potato.",2 of 17,0.11764705882352941,False,
22,,,"Since the yellow bell pepper, orange bell pepper, and purple potato are not visible, I should check the cookbook for the recipe details to confirm the ingredients needed.",examine cookbook,,"You open the copy of ""Cooking: A Modern Approach (3rd Ed.)"" and start reading:

Recipe #1
---------
Gather all following ingredients and follow the directions to prepare this tasty meal.

Ingredients:
white onion
  pork chop
  yellow bell pepper
  orange bell pepper
  purple potato

Directions:
dice the white onion
  roast the white onion
  dice the pork chop
  grill the pork chop
  slice the yellow bell pepper
  grill the yellow bell pepper
  dice the orange bell pepper
  fry the orange bell pepper
  dice the purple potato
  grill the purple potato
  prepare meal",Kitchen,"You are in a kitchen. A standard kind of place.

You can see a fridge. I mean, just wow! Isn't TextWorld just the best? The fridge contains a block of cheese. You see an oven. You smell a wretched smell, and follow it to a table. But the thing hasn't got anything on it. You think about smashing the table to bits, throwing the bits into a pit, etc, until you get bored and decide to move on. You can make out a counter. On the counter you make out a red apple and a knife. Wow! Just like in the movies! You can make out a stove. What a coincidence, weren't you just thinking about a stove? But the thing hasn't got anything on it.

There is a closed plain door leading east. You don't like doors? Why not try going south, that entranceway is not blocked by one.

There is a red onion, a carrot, a red hot pepper and a banana on the floor.","You are carrying: a raw pork chop, a white onion, a cookbook, a raw red potato and a raw yellow potato.",2 of 17,0.11764705882352941,False,
23,,,"I need to find the yellow bell pepper, orange bell pepper, and purple potato as per the recipe; since they are not visible here, I should go south to explore for these ingredients.",go south,,"Well, here we are in the livingroom. You start to take note of what's in the room.

You scan the room, seeing a sofa. Looks like someone's already been here and taken everything off it, though.

There is an open fiberglass door leading east. There is an exit to the north. Don't worry, there is no door. There is an exit to the south.",Livingroom,"Well, here we are in the livingroom. You start to take note of what's in the room.

You scan the room, seeing a sofa. Looks like someone's already been here and taken everything off it, though.

There is an open fiberglass door leading east. There is an exit to the north. Don't worry, there is no door. There is an exit to the south.","You are carrying: a raw pork chop, a white onion, a cookbook, a raw red potato and a raw yellow potato.",2 of 17,0.11764705882352941,False,
24,,,I should explore the room further by going east through the open fiberglass door to look for the missing ingredients.,go east,,"You've entered a driveway.



There is an open fiberglass door leading west. There is an exit to the south.",Driveway,"You've entered a driveway.



There is an open fiberglass door leading west. There is an exit to the south.","You are carrying: a raw pork chop, a white onion, a cookbook, a raw red potato and a raw yellow potato.",2 of 17,0.11764705882352941,False,
25,,,"I should go south from the driveway to continue searching for the yellow bell pepper, orange bell pepper, and purple potato.",go south,,"Well, here we are in the street.



There is a closed commercial glass door leading east. There is an exit to the north. Don't worry, there is no door.",Street,"Well, here we are in the street.



There is a closed commercial glass door leading east. There is an exit to the north. Don't worry, there is no door.","You are carrying: a raw pork chop, a white onion, a cookbook, a raw red potato and a raw yellow potato.",2 of 17,0.11764705882352941,False,
26,,,I should go east through the closed commercial glass door to check if the missing ingredients are inside.,open commercial glass door,,You open commercial glass door.,Street,"Well, here we are in the street.



There is an open commercial glass door leading east. There is an exit to the north. Don't worry, there is no door.","You are carrying: a raw pork chop, a white onion, a cookbook, a raw red potato and a raw yellow potato.",2 of 17,0.11764705882352941,False,
27,,,I should go east through the now open commercial glass door to explore for the missing ingredients.,go east,,"You are in a supermarket.

You can see a showcase. But oh no! there's nothing on this piece of trash. Oh! Why couldn't there just be stuff on it?

There is an open commercial glass door leading west.",Supermarket,"You are in a supermarket.

You can see a showcase. But oh no! there's nothing on this piece of trash. Oh! Why couldn't there just be stuff on it?

There is an open commercial glass door leading west.","You are carrying: a raw pork chop, a white onion, a cookbook, a raw red potato and a raw yellow potato.",2 of 17,0.11764705882352941,False,
28,,,"Since the supermarket has no items, I should return west to the street and then go north to explore further for the missing ingredients.",go west,,"Well, here we are in the street.



There is an open commercial glass door leading east. There is an exit to the north. Don't worry, there is no door.",Street,"Well, here we are in the street.



There is an open commercial glass door leading east. There is an exit to the north. Don't worry, there is no door.","You are carrying: a raw pork chop, a white onion, a cookbook, a raw red potato and a raw yellow potato.",2 of 17,0.11764705882352941,False,
29,,,I should go north from the street to continue searching for the missing ingredients.,go north,,"You've entered a driveway.



There is an open fiberglass door leading west. There is an exit to the south.",Driveway,"You've entered a driveway.



There is an open fiberglass door leading west. There is an exit to the south.","You are carrying: a raw pork chop, a white onion, a cookbook, a raw red potato and a raw yellow potato.",2 of 17,0.11764705882352941,False,
30,,,I should go west through the open fiberglass door to return to the livingroom and explore other directions for the missing ingredients.,go west,,"Well, here we are in the livingroom. You start to take note of what's in the room.

You scan the room, seeing a sofa. Looks like someone's already been here and taken everything off it, though.

There is an open fiberglass door leading east. There is an exit to the north. Don't worry, there is no door. There is an exit to the south.",Livingroom,"Well, here we are in the livingroom. You start to take note of what's in the room.

You scan the room, seeing a sofa. Looks like someone's already been here and taken everything off it, though.

There is an open fiberglass door leading east. There is an exit to the north. Don't worry, there is no door. There is an exit to the south.","You are carrying: a raw pork chop, a white onion, a cookbook, a raw red potato and a raw yellow potato.",2 of 17,0.11764705882352941,False,
31,,,I should go north from the livingroom to explore that exit for the missing ingredients.,go north,,"You are in a kitchen. A standard kind of place.

You can see a fridge. I mean, just wow! Isn't TextWorld just the best? The fridge contains a block of cheese. You see an oven. You smell a wretched smell, and follow it to a table. But the thing hasn't got anything on it. You think about smashing the table to bits, throwing the bits into a pit, etc, until you get bored and decide to move on. You can make out a counter. On the counter you make out a red apple and a knife. Wow! Just like in the movies! You can make out a stove. What a coincidence, weren't you just thinking about a stove? But the thing hasn't got anything on it.

There is a closed plain door leading east. You don't like doors? Why not try going south, that entranceway is not blocked by one.

There is a red onion, a carrot, a red hot pepper and a banana on the floor.",Kitchen,"You are in a kitchen. A standard kind of place.

You can see a fridge. I mean, just wow! Isn't TextWorld just the best? The fridge contains a block of cheese. You see an oven. You smell a wretched smell, and follow it to a table. But the thing hasn't got anything on it. You think about smashing the table to bits, throwing the bits into a pit, etc, until you get bored and decide to move on. You can make out a counter. On the counter you make out a red apple and a knife. Wow! Just like in the movies! You can make out a stove. What a coincidence, weren't you just thinking about a stove? But the thing hasn't got anything on it.

There is a closed plain door leading east. You don't like doors? Why not try going south, that entranceway is not blocked by one.

There is a red onion, a carrot, a red hot pepper and a banana on the floor.","You are carrying: a raw pork chop, a white onion, a cookbook, a raw red potato and a raw yellow potato.",2 of 17,0.11764705882352941,False,
32,,,I should take the knife from the counter to prepare the meal.,take knife from counter,,You're carrying too many things already.,Kitchen,"You are in a kitchen. A standard kind of place.

You can see a fridge. I mean, just wow! Isn't TextWorld just the best? The fridge contains a block of cheese. You see an oven. You smell a wretched smell, and follow it to a table. But the thing hasn't got anything on it. You think about smashing the table to bits, throwing the bits into a pit, etc, until you get bored and decide to move on. You can make out a counter. On the counter you make out a red apple and a knife. Wow! Just like in the movies! You can make out a stove. What a coincidence, weren't you just thinking about a stove? But the thing hasn't got anything on it.

There is a closed plain door leading east. You don't like doors? Why not try going south, that entranceway is not blocked by one.

There is a red onion, a carrot, a red hot pepper and a banana on the floor.","You are carrying: a raw pork chop, a white onion, a cookbook, a raw red potato and a raw yellow potato.",2 of 17,0.11764705882352941,False,
33,,,I should drop the white onion to free up space for the knife.,drop white onion,,You drop the white onion on the ground.,Kitchen,"You are in a kitchen. A standard kind of place.

You can see a fridge. I mean, just wow! Isn't TextWorld just the best? The fridge contains a block of cheese. You see an oven. You smell a wretched smell, and follow it to a table. But the thing hasn't got anything on it. You think about smashing the table to bits, throwing the bits into a pit, etc, until you get bored and decide to move on. You can make out a counter. On the counter you make out a red apple and a knife. Wow! Just like in the movies! You can make out a stove. What a coincidence, weren't you just thinking about a stove? But the thing hasn't got anything on it.

There is a closed plain door leading east. You don't like doors? Why not try going south, that entranceway is not blocked by one.

There is a white onion, a red onion, a carrot, a red hot pepper and a banana on the floor.","You are carrying: a raw pork chop, a cookbook, a raw red potato and a raw yellow potato.",2 of 17,0.11764705882352941,False,
34,,,"Now that I have space, I should take the knife from the counter.",take knife from counter,,You take the knife from the counter.,Kitchen,"You are in a kitchen. A standard kind of place.

You can see a fridge. I mean, just wow! Isn't TextWorld just the best? The fridge contains a block of cheese. You see an oven. You smell a wretched smell, and follow it to a table. But the thing hasn't got anything on it. You think about smashing the table to bits, throwing the bits into a pit, etc, until you get bored and decide to move on. You can make out a counter. On the counter you make out a red apple. Wow! Just like in the movies! You can make out a stove. What a coincidence, weren't you just thinking about a stove? But the thing hasn't got anything on it.

There is a closed plain door leading east. You don't like doors? Why not try going south, that entranceway is not blocked by one.

There is a white onion, a red onion, a carrot, a red hot pepper and a banana on the floor.","You are carrying: a knife, a raw pork chop, a cookbook, a raw red potato and a raw yellow potato.",2 of 17,0.11764705882352941,False,
35,,,I should take the carrot from the floor to prepare the meal.,take carrot from floor,,You're carrying too many things already.,Kitchen,"You are in a kitchen. A standard kind of place.

You can see a fridge. I mean, just wow! Isn't TextWorld just the best? The fridge contains a block of cheese. You see an oven. You smell a wretched smell, and follow it to a table. But the thing hasn't got anything on it. You think about smashing the table to bits, throwing the bits into a pit, etc, until you get bored and decide to move on. You can make out a counter. On the counter you make out a red apple. Wow! Just like in the movies! You can make out a stove. What a coincidence, weren't you just thinking about a stove? But the thing hasn't got anything on it.

There is a closed plain door leading east. You don't like doors? Why not try going south, that entranceway is not blocked by one.

There is a white onion, a red onion, a carrot, a red hot pepper and a banana on the floor.","You are carrying: a knife, a raw pork chop, a cookbook, a raw red potato and a raw yellow potato.",2 of 17,0.11764705882352941,False,
36,,,I should drop the raw yellow potato to free up space for the carrot.,drop raw yellow potato,,You drop the yellow potato on the ground.,Kitchen,"You are in a kitchen. A standard kind of place.

You can see a fridge. I mean, just wow! Isn't TextWorld just the best? The fridge contains a block of cheese. You see an oven. You smell a wretched smell, and follow it to a table. But the thing hasn't got anything on it. You think about smashing the table to bits, throwing the bits into a pit, etc, until you get bored and decide to move on. You can make out a counter. On the counter you make out a red apple. Wow! Just like in the movies! You can make out a stove. What a coincidence, weren't you just thinking about a stove? But the thing hasn't got anything on it.

There is a closed plain door leading east. You don't like doors? Why not try going south, that entranceway is not blocked by one.

There is a raw yellow potato, a white onion, a red onion, a carrot, a red hot pepper and a banana on the floor.","You are carrying: a knife, a raw pork chop, a cookbook and a raw red potato.",2 of 17,0.11764705882352941,False,
37,,,I should take the carrot from the floor now that I have space.,take carrot from floor,,You pick up the carrot from the ground.,Kitchen,"You are in a kitchen. A standard kind of place.

You can see a fridge. I mean, just wow! Isn't TextWorld just the best? The fridge contains a block of cheese. You see an oven. You smell a wretched smell, and follow it to a table. But the thing hasn't got anything on it. You think about smashing the table to bits, throwing the bits into a pit, etc, until you get bored and decide to move on. You can make out a counter. On the counter you make out a red apple. Wow! Just like in the movies! You can make out a stove. What a coincidence, weren't you just thinking about a stove? But the thing hasn't got anything on it.

There is a closed plain door leading east. You don't like doors? Why not try going south, that entranceway is not blocked by one.

There is a raw yellow potato, a white onion, a red onion, a red hot pepper and a banana on the floor.","You are carrying: a carrot, a knife, a raw pork chop, a cookbook and a raw red potato.",2 of 17,0.11764705882352941,False,
38,,,I should check the cookbook for the recipe to cook a delicious meal.,examine cookbook,,"You open the copy of ""Cooking: A Modern Approach (3rd Ed.)"" and start reading:

Recipe #1
---------
Gather all following ingredients and follow the directions to prepare this tasty meal.

Ingredients:
white onion
  pork chop
  yellow bell pepper
  orange bell pepper
  purple potato

Directions:
dice the white onion
  roast the white onion
  dice the pork chop
  grill the pork chop
  slice the yellow bell pepper
  grill the yellow bell pepper
  dice the orange bell pepper
  fry the orange bell pepper
  dice the purple potato
  grill the purple potato
  prepare meal",Kitchen,"You are in a kitchen. A standard kind of place.

You can see a fridge. I mean, just wow! Isn't TextWorld just the best? The fridge contains a block of cheese. You see an oven. You smell a wretched smell, and follow it to a table. But the thing hasn't got anything on it. You think about smashing the table to bits, throwing the bits into a pit, etc, until you get bored and decide to move on. You can make out a counter. On the counter you make out a red apple. Wow! Just like in the movies! You can make out a stove. What a coincidence, weren't you just thinking about a stove? But the thing hasn't got anything on it.

There is a closed plain door leading east. You don't like doors? Why not try going south, that entranceway is not blocked by one.

There is a raw yellow potato, a white onion, a red onion, a red hot pepper and a banana on the floor.","You are carrying: a carrot, a knife, a raw pork chop, a cookbook and a raw red potato.",2 of 17,0.11764705882352941,False,
39,,,"I need to gather the ingredients from the recipe: white onion, pork chop, yellow bell pepper, orange bell pepper, and purple potato. I currently have a raw pork chop and a carrot (not in the recipe), a raw red potato (not purple), and no bell peppers or white onion. I should drop the carrot and raw red potato to pick up the white onion and check for bell peppers.",drop carrot,,You drop the carrot on the ground.,Kitchen,"You are in a kitchen. A standard kind of place.

You can see a fridge. I mean, just wow! Isn't TextWorld just the best? The fridge contains a block of cheese. You see an oven. You smell a wretched smell, and follow it to a table. But the thing hasn't got anything on it. You think about smashing the table to bits, throwing the bits into a pit, etc, until you get bored and decide to move on. You can make out a counter. On the counter you make out a red apple. Wow! Just like in the movies! You can make out a stove. What a coincidence, weren't you just thinking about a stove? But the thing hasn't got anything on it.

There is a closed plain door leading east. You don't like doors? Why not try going south, that entranceway is not blocked by one.

There is a carrot, a raw yellow potato, a white onion, a red onion, a red hot pepper and a banana on the floor.","You are carrying: a knife, a raw pork chop, a cookbook and a raw red potato.",2 of 17,0.11764705882352941,False,
40,,,I should take the white onion from the floor to match the recipe ingredients.,take white onion from floor,,You pick up the white onion from the ground.,Kitchen,"You are in a kitchen. A standard kind of place.

You can see a fridge. I mean, just wow! Isn't TextWorld just the best? The fridge contains a block of cheese. You see an oven. You smell a wretched smell, and follow it to a table. But the thing hasn't got anything on it. You think about smashing the table to bits, throwing the bits into a pit, etc, until you get bored and decide to move on. You can make out a counter. On the counter you make out a red apple. Wow! Just like in the movies! You can make out a stove. What a coincidence, weren't you just thinking about a stove? But the thing hasn't got anything on it.

There is a closed plain door leading east. You don't like doors? Why not try going south, that entranceway is not blocked by one.

There is a carrot, a raw yellow potato, a red onion, a red hot pepper and a banana on the floor.","You are carrying: a white onion, a knife, a raw pork chop, a cookbook and a raw red potato.",2 of 17,0.11764705882352941,False,
41,,,I should drop the raw red potato to free space for the yellow bell pepper or other needed ingredients.,drop raw red potato,,You drop the red potato on the ground.,Kitchen,"You are in a kitchen. A standard kind of place.

You can see a fridge. I mean, just wow! Isn't TextWorld just the best? The fridge contains a block of cheese. You see an oven. You smell a wretched smell, and follow it to a table. But the thing hasn't got anything on it. You think about smashing the table to bits, throwing the bits into a pit, etc, until you get bored and decide to move on. You can make out a counter. On the counter you make out a red apple. Wow! Just like in the movies! You can make out a stove. What a coincidence, weren't you just thinking about a stove? But the thing hasn't got anything on it.

There is a closed plain door leading east. You don't like doors? Why not try going south, that entranceway is not blocked by one.

There is a raw red potato, a carrot, a raw yellow potato, a red onion, a red hot pepper and a banana on the floor.","You are carrying: a white onion, a knife, a raw pork chop and a cookbook.",2 of 17,0.11764705882352941,False,
42,,,I should take the red hot pepper from the floor as a substitute for the yellow or orange bell pepper in the recipe.,take red hot pepper from floor,,You pick up the red hot pepper from the ground.,Kitchen,"You are in a kitchen. A standard kind of place.

You can see a fridge. I mean, just wow! Isn't TextWorld just the best? The fridge contains a block of cheese. You see an oven. You smell a wretched smell, and follow it to a table. But the thing hasn't got anything on it. You think about smashing the table to bits, throwing the bits into a pit, etc, until you get bored and decide to move on. You can make out a counter. On the counter you make out a red apple. Wow! Just like in the movies! You can make out a stove. What a coincidence, weren't you just thinking about a stove? But the thing hasn't got anything on it.

There is a closed plain door leading east. You don't like doors? Why not try going south, that entranceway is not blocked by one.

There is a raw red potato, a carrot, a raw yellow potato, a red onion and a banana on the floor.","You are carrying: a red hot pepper, a white onion, a knife, a raw pork chop and a cookbook.",2 of 17,0.11764705882352941,False,
43,,,I should dice the white onion as the first step in the recipe.,dice white onion with knife,,"You dice the white onion.



Your score has just gone up by one point.",Kitchen,"You are in a kitchen. A standard kind of place.

You can see a fridge. I mean, just wow! Isn't TextWorld just the best? The fridge contains a block of cheese. You see an oven. You smell a wretched smell, and follow it to a table. But the thing hasn't got anything on it. You think about smashing the table to bits, throwing the bits into a pit, etc, until you get bored and decide to move on. You can make out a counter. On the counter you make out a red apple. Wow! Just like in the movies! You can make out a stove. What a coincidence, weren't you just thinking about a stove? But the thing hasn't got anything on it.

There is a closed plain door leading east. You don't like doors? Why not try going south, that entranceway is not blocked by one.

There is a raw red potato, a carrot, a raw yellow potato, a red onion and a banana on the floor.","You are carrying: a red hot pepper, a diced white onion, a knife, a raw pork chop and a cookbook.",3 of 17,0.17647058823529413,False,
44,,,I should roast the diced white onion using the oven.,cook diced white onion with oven,,"You roasted the white onion.



Your score has just gone up by one point.",Kitchen,"You are in a kitchen. A standard kind of place.

You can see a fridge. I mean, just wow! Isn't TextWorld just the best? The fridge contains a block of cheese. You see an oven. You smell a wretched smell, and follow it to a table. But the thing hasn't got anything on it. You think about smashing the table to bits, throwing the bits into a pit, etc, until you get bored and decide to move on. You can make out a counter. On the counter you make out a red apple. Wow! Just like in the movies! You can make out a stove. What a coincidence, weren't you just thinking about a stove? But the thing hasn't got anything on it.

There is a closed plain door leading east. You don't like doors? Why not try going south, that entranceway is not blocked by one.

There is a raw red potato, a carrot, a raw yellow potato, a red onion and a banana on the floor.","You are carrying: a red hot pepper, a diced roasted white onion, a knife, a raw pork chop and a cookbook.",4 of 17,0.23529411764705882,False,
45,,,I should dice the raw pork chop next as per the recipe.,dice raw pork chop with knife,,"You dice the pork chop.



Your score has just gone up by one point.",Kitchen,"You are in a kitchen. A standard kind of place.

You can see a fridge. I mean, just wow! Isn't TextWorld just the best? The fridge contains a block of cheese. You see an oven. You smell a wretched smell, and follow it to a table. But the thing hasn't got anything on it. You think about smashing the table to bits, throwing the bits into a pit, etc, until you get bored and decide to move on. You can make out a counter. On the counter you make out a red apple. Wow! Just like in the movies! You can make out a stove. What a coincidence, weren't you just thinking about a stove? But the thing hasn't got anything on it.

There is a closed plain door leading east. You don't like doors? Why not try going south, that entranceway is not blocked by one.

There is a raw red potato, a carrot, a raw yellow potato, a red onion and a banana on the floor.","You are carrying: a red hot pepper, a diced roasted white onion, a knife, a diced raw pork chop and a cookbook.",5 of 17,0.29411764705882354,False,
46,,,I should grill the diced raw pork chop using the stove.,cook diced raw pork chop with stove,,"You fried the pork chop.



                              *** You lost! ***

You scored 5 out of a possible 17, in 45 turns.


Would you like to RESTART, RESTORE a saved game, QUIT or UNDO the last command?
>",Kitchen,"You are in a kitchen. A standard kind of place.

You can see a fridge. I mean, just wow! Isn't TextWorld just the best? The fridge contains a block of cheese. You see an oven. You smell a wretched smell, and follow it to a table. But the thing hasn't got anything on it. You think about smashing the table to bits, throwing the bits into a pit, etc, until you get bored and decide to move on. You can make out a counter. On the counter you make out a red apple. Wow! Just like in the movies! You can make out a stove. What a coincidence, weren't you just thinking about a stove? But the thing hasn't got anything on it.

There is a closed plain door leading east. You don't like doors? Why not try going south, that entranceway is not blocked by one.

There is a raw red potato, a carrot, a raw yellow potato, a red onion and a banana on the floor.","You are carrying: a red hot pepper, a diced roasted white onion, a knife, a diced raw pork chop and a cookbook.",5 of 17,0.29411764705882354,True,
